{"type": "combined", "domain": {"center_lat": 51.5139, "center_lon": -0.0825, "half_x": 346.38595973620386, "half_y": 244.90400000022018, "height": 150.0}}