{"type": "combined", "domain": {"center_lat": 51.513999999999996, "center_lon": -0.08549999999999999, "half_x": 484.9392790537236, "half_y": 222.64000000027207, "height": 150.0}}