{"buildings": [], "source": "heightmap", "domain": {"half_x": 346.38595973620386, "half_y": 244.90400000022018, "height": 150.0, "center_lat": 51.5139, "center_lon": -0.0825, "ground_ellipsoid_height": 60.07217835599034}}