{"buildings": [], "source": "heightmap", "domain": {"half_x": 699.9003931408789, "half_y": 589.9960000006024, "height": 200.0, "center_lat": 40.75535, "center_lon": -73.98134999999999, "ground_ellipsoid_height": -27.0}}