{"distance_route": {"path": [[-0.085, 51.5128, 150.07], [-0.0849118, 51.5128733, 157.13], [-0.0847706, 51.5129467, 165.95], [-0.0846765, 51.51302, 169.48], [-0.0845588, 51.5130933, 173.01], [-0.0844412, 51.5131667, 174.78], [-0.0843235, 51.51324, 174.78], [-0.0842059, 51.5133133, 174.78], [-0.0840882, 51.5133867, 174.78], [-0.0839706, 51.51346, 174.78], [-0.0838529, 51.5135187, 174.78], [-0.0837353, 51.5135627, 174.78], [-0.0836176, 51.5136067, 174.78], [-0.0835, 51.5136507, 174.78], [-0.0833824, 51.5136947, 174.78], [-0.0832647, 51.5137533, 174.78], [-0.0831471, 51.5138267, 174.78], [-0.0830294, 51.5139, 174.78], [-0.0829118, 51.5139733, 174.78], [-0.0827941, 51.5140467, 174.78], [-0.0826765, 51.51412, 174.78], [-0.0825588, 51.5141933, 174.78], [-0.0824412, 51.5142667, 174.78], [-0.0823235, 51.51434, 174.78], [-0.0822059, 51.5144133, 174.78], [-0.0820882, 51.5144867, 174.78], [-0.0819706, 51.51456, 174.78], [-0.0818529, 51.5146333, 174.78], [-0.0817353, 51.5147067, 174.78], [-0.0816176, 51.51478, 174.78], [-0.0815, 51.5148387, 174.78], [-0.0813824, 51.5148827, 174.78], [-0.0812647, 51.5149267, 173.01], [-0.0811471, 51.514956, 171.25], [-0.0810294, 51.5149707, 169.48], [-0.0809118, 51.5149853, 167.72], [-0.0807941, 51.515, 165.95], [-0.0806765, 51.515, 165.95], [-0.0805588, 51.515, 165.95], [-0.0804412, 51.515, 165.95], [-0.0803235, 51.515, 165.95], [-0.0802059, 51.515, 165.95], [-0.0800882, 51.515, 165.95], [-0.08, 51.515, 160.07]], "energy_wh": 4.75, "distance_m": 450.7, "time_s": 30.0}, "wind_route": {"path": [[-0.085, 51.5128, 150.07], [-0.0847941, 51.5128, 157.13], [-0.0846765, 51.5128, 157.13], [-0.0845588, 51.5128, 157.13], [-0.0844412, 51.5128, 157.13], [-0.0843235, 51.5128, 157.13], [-0.0842059, 51.5128147, 158.9], [-0.0840882, 51.512844, 162.43], [-0.0839706, 51.512888, 167.72], [-0.0838529, 51.512932, 174.78], [-0.0837353, 51.512976, 183.6], [-0.0836176, 51.51302, 206.07], [-0.0835588, 51.513042, 210.07], [-0.0835, 51.513064, 210.07], [-0.0833824, 51.513108, 204.78], [-0.0832647, 51.5131667, 208.31], [-0.0831471, 51.51324, 210.07], [-0.0830294, 51.5133133, 210.07], [-0.0829118, 51.5133867, 210.07], [-0.0827941, 51.51346, 210.07], [-0.0826765, 51.5135333, 210.07], [-0.0825588, 51.5136067, 210.07], [-0.0824412, 51.51368, 210.07], [-0.0823235, 51.5137387, 210.07], [-0.0822059, 51.5137827, 210.07], [-0.0820882, 51.5138267, 210.07], [-0.0819706, 51.5138707, 210.07], [-0.0818529, 51.5139, 210.07], [-0.0817353, 51.513944, 210.07], [-0.0816176, 51.5140027, 210.07], [-0.0815, 51.5140613, 210.07], [-0.0813824, 51.51412, 210.07], [-0.0812647, 51.5141933, 210.07], [-0.0811471, 51.5142667, 210.07], [-0.0810294, 51.51434, 210.07], [-0.0809118, 51.5144133, 210.07], [-0.0807941, 51.5144867, 210.07], [-0.0806765, 51.51456, 208.31], [-0.0805588, 51.5146333, 204.78], [-0.0804412, 51.5147067, 199.48], [-0.0803235, 51.51478, 192.43], [-0.0802059, 51.5148533, 183.6], [-0.0800882, 51.5149267, 174.78], [-0.08, 51.515, 160.07]], "energy_wh": 4.59, "distance_m": 483.5, "time_s": 32.2}, "energy_savings_pct": 3.4, "max_wind_on_dist_route": 25.1, "max_wind_on_wind_route": 14.5, "mean_wind_on_dist_route": 12.7, "mean_wind_on_wind_route": 4.6, "wind_reduction_pct": 63.7}