{"distance_route": {"path": [[-0.0864435, 51.5130508, 88.0], [-0.0862373, 51.51317, 93.29], [-0.0861194, 51.513214, 93.29], [-0.0860016, 51.513258, 93.29], [-0.0858838, 51.5132873, 93.29], [-0.0857659, 51.5133167, 93.29], [-0.0856481, 51.5133607, 93.29], [-0.0855303, 51.51339, 93.29], [-0.0854124, 51.513434, 93.29], [-0.0852946, 51.513478, 93.29], [-0.0851768, 51.513522, 93.29], [-0.0850589, 51.5135513, 93.29], [-0.0849411, 51.5135807, 93.29], [-0.0848232, 51.5135953, 93.29], [-0.0847054, 51.51361, 93.29], [-0.0845876, 51.51361, 93.29], [-0.0844697, 51.51361, 93.29], [-0.0843519, 51.51361, 93.29], [-0.0842341, 51.51361, 93.29], [-0.0841162, 51.51361, 93.29], [-0.0839984, 51.5136247, 93.29], [-0.0838806, 51.513654, 93.29], [-0.0837863, 51.513698, 93.29], [-0.0837156, 51.5137567, 93.29], [-0.0836449, 51.51383, 93.29], [-0.0836449, 51.5139033, 93.29], [-0.0835565, 51.5139492, 88.0]], "energy_wh": 1.93, "distance_m": 239.4, "time_s": 16.0}, "wind_route": {"path": [[-0.0864435, 51.5130508, 88.0], [-0.0862373, 51.5130967, 93.29], [-0.0861194, 51.5130967, 93.29], [-0.0860016, 51.5131113, 91.53], [-0.0858838, 51.513126, 89.76], [-0.0857659, 51.5131407, 88.0], [-0.0856481, 51.51317, 86.24], [-0.0855303, 51.513214, 84.47], [-0.0854124, 51.513258, 84.47], [-0.0852946, 51.513302, 84.47], [-0.0851768, 51.5133607, 84.47], [-0.0850589, 51.5134047, 84.47], [-0.0849411, 51.5134487, 84.47], [-0.0848232, 51.513478, 84.47], [-0.0847054, 51.5135073, 84.47], [-0.0845876, 51.5135367, 84.47], [-0.0844697, 51.513566, 84.47], [-0.0843519, 51.5135807, 84.47], [-0.0842341, 51.5135953, 84.47], [-0.0841162, 51.51361, 84.47], [-0.0839984, 51.5136247, 86.24], [-0.0838806, 51.513654, 88.0], [-0.0837863, 51.513698, 89.76], [-0.083692, 51.5137567, 91.53], [-0.0836213, 51.51383, 93.29], [-0.0835271, 51.5139033, 93.29], [-0.0835565, 51.5139492, 88.0]], "energy_wh": 2.01, "distance_m": 240.1, "time_s": 16.0}, "energy_savings_pct": -4.1}