{"buildings": [], "source": "heightmap", "domain": {"half_x": 290.96356743223515, "half_y": 111.31999999974055, "height": 150.0, "center_lat": 51.513999999999996, "center_lon": -0.0824, "ground_ellipsoid_height": 60.26158618006881}}